season,competition,division,round,round_name,date,status,decided_by,top_seed,top_school,top_score,bottom_seed,bottom_school,bottom_score,winner
2025-26,cif-state,gd3,0,Round I,2026-03-03,final,,1,Salinas,1,8,University,0,top
2025-26,cif-state,gd3,0,Round I,2026-03-03,final,,4,Sonoma Academy,2,5,Aptos,0,top
2025-26,cif-state,gd3,0,Round I,2026-03-03,final,,3,Kerman,0,6,Colfax,5,bottom
2025-26,cif-state,gd3,0,Round I,2026-03-03,final,,2,Oakdale,1,7,Pleasant Valley,0,top
2025-26,cif-state,gd3,0,Round I,2026-03-03,final,,1,Del Norte,4,8,Palisades,3,top
2025-26,cif-state,gd3,0,Round I,2026-03-03,final,,4,Quartz Hill,2,5,El Diamante,0,top
2025-26,cif-state,gd3,0,Round I,2026-03-03,final,,3,Ayala,7,6,Crescenta Valley,2,top
2025-26,cif-state,gd3,0,Round I,2026-03-03,final,,2,Millikan,7,7,Tulare Western,0,top
2025-26,cif-state,gd3,1,Regional Semifinals,2026-03-05,final,,1,Salinas,2,4,Sonoma Academy,1,top
2025-26,cif-state,gd3,1,Regional Semifinals,2026-03-05,final,,6,Colfax,1,2,Oakdale,2,bottom
2025-26,cif-state,gd3,1,Regional Semifinals,2026-03-05,final,,1,Del Norte,0,4,Quartz Hill,1,bottom
2025-26,cif-state,gd3,1,Regional Semifinals,2026-03-05,final,pk,3,Ayala,0,2,Millikan,0,bottom
2025-26,cif-state,gd3,2,Regional Finals,2026-03-07,final,,1,Salinas,2,2,Oakdale,1,top
2025-26,cif-state,gd3,2,Regional Finals,2026-03-07,final,,4,Quartz Hill,1,2,Millikan,0,top
2025-26,cif-state,gd3,3,State Final,2026-03-14,final,,1,Salinas,0,4,Quartz Hill,2,bottom
