season,state,competition,division,round,round_name,date,status,decided_by,top_seed,top_school,top_score,bottom_seed,bottom_school,bottom_score,winner
2025-26,FL,fl-fhsaa,Class 1A,0,Region Quarterfinal,2026-02-02,final,,1,St. Johns Country Day,8,8,St. John Paul II,0,top
2025-26,FL,fl-fhsaa,Class 1A,0,Region Quarterfinal,2026-02-02,final,,4,Rocky Bayou Christian,1,5,Christ's Church Academy,0,top
2025-26,FL,fl-fhsaa,Class 1A,0,Region Quarterfinal,2026-02-02,final,unreported,2,Mount Dora Christian Academy,1,7,Academy at the Lakes,,top
2025-26,FL,fl-fhsaa,Class 1A,0,Region Quarterfinal,2026-02-02,final,,3,St. Joseph Academy,5,6,Oak Hall,2,top
2025-26,FL,fl-fhsaa,Class 1A,0,Region Quarterfinal,2026-02-02,final,,1,All Saints' Academy,4,8,Orangewood Christian,0,top
2025-26,FL,fl-fhsaa,Class 1A,0,Region Quarterfinal,2026-02-02,final,,4,Master's Academy,2,5,Seffner Christian,5,bottom
2025-26,FL,fl-fhsaa,Class 1A,0,Region Quarterfinal,2026-02-02,final,,2,The Pine School,5,7,Geneva,2,top
2025-26,FL,fl-fhsaa,Class 1A,0,Region Quarterfinal,2026-02-02,final,,3,Victory Christian Academy,8,6,St. Edward's,0,top
2025-26,FL,fl-fhsaa,Class 1A,1,Region Semifinal,2026-02-09,final,,1,St. Johns Country Day,5,4,Rocky Bayou Christian,0,top
2025-26,FL,fl-fhsaa,Class 1A,1,Region Semifinal,2026-02-09,final,,2,Mount Dora Christian Academy,3,3,St. Joseph Academy,2,top
2025-26,FL,fl-fhsaa,Class 1A,1,Region Semifinal,2026-02-09,final,,1,All Saints' Academy,4,5,Seffner Christian,1,top
2025-26,FL,fl-fhsaa,Class 1A,1,Region Semifinal,2026-02-09,final,,2,The Pine School,1,3,Victory Christian Academy,4,bottom
2025-26,FL,fl-fhsaa,Class 1A,2,Region Final,2026-02-13,final,,1,St. Johns Country Day,7,2,Mount Dora Christian Academy,0,top
2025-26,FL,fl-fhsaa,Class 1A,2,Region Final,2026-02-13,final,,1,All Saints' Academy,0,3,Victory Christian Academy,1,bottom
2025-26,FL,fl-fhsaa,Class 1A,0,Region Quarterfinal,2026-02-02,final,,1,Canterbury,4,8,First Baptist Academy,0,top
2025-26,FL,fl-fhsaa,Class 1A,0,Region Quarterfinal,2026-02-02,final,,4,Indian Rocks Christian,6,5,Northside Christian,0,top
2025-26,FL,fl-fhsaa,Class 1A,0,Region Quarterfinal,2026-02-02,final,,2,Out-of-Door Academy,5,7,Saint Stephen's Episcopal,2,top
2025-26,FL,fl-fhsaa,Class 1A,0,Region Quarterfinal,2026-02-02,final,,3,Bradenton Christian,1,6,Evangelical Christian,3,bottom
2025-26,FL,fl-fhsaa,Class 1A,0,Region Quarterfinal,2026-02-02,final,,1,Berean Christian,8,8,Boca Raton Christian,0,top
2025-26,FL,fl-fhsaa,Class 1A,0,Region Quarterfinal,2026-02-02,final,,4,Glades Day,4,5,Sheridan Hills Christian,1,top
2025-26,FL,fl-fhsaa,Class 1A,0,Region Quarterfinal,2026-02-02,final,,2,South Florida HEAT,3,7,Westwood Christian,0,top
2025-26,FL,fl-fhsaa,Class 1A,0,Region Quarterfinal,2026-02-02,final,,3,Archimedean,0,6,Highlands Christian,1,bottom
2025-26,FL,fl-fhsaa,Class 1A,1,Region Semifinal,2026-02-09,final,,1,Canterbury,3,4,Indian Rocks Christian,1,top
2025-26,FL,fl-fhsaa,Class 1A,1,Region Semifinal,2026-02-09,final,,2,Out-of-Door Academy,2,6,Evangelical Christian,1,top
2025-26,FL,fl-fhsaa,Class 1A,1,Region Semifinal,2026-02-09,final,,1,Berean Christian,4,4,Glades Day,0,top
2025-26,FL,fl-fhsaa,Class 1A,1,Region Semifinal,2026-02-09,final,,2,South Florida HEAT,8,6,Highlands Christian,0,top
2025-26,FL,fl-fhsaa,Class 1A,2,Region Final,2026-02-13,final,,1,Canterbury,3,2,Out-of-Door Academy,2,top
2025-26,FL,fl-fhsaa,Class 1A,2,Region Final,2026-02-13,final,,1,Berean Christian,3,2,South Florida HEAT,2,top
2025-26,FL,fl-fhsaa,Class 1A,3,State Semifinal,2026-02-20,final,,1,St. Johns Country Day,1,4,Victory Christian Academy,3,bottom
2025-26,FL,fl-fhsaa,Class 1A,3,State Semifinal,2026-02-20,final,,2,Canterbury,4,3,Berean Christian,0,top
2025-26,FL,fl-fhsaa,Class 1A,4,State Championship,2026-02-21,final,,4,Victory Christian Academy,0,2,Canterbury,1,bottom
